GlobalRank,TldRank,Domain,TLD,RefSubNets,RefIPs,IDN_Domain,IDN_TLD,PrevGlobalRank,PrevTldRank,PrevRefSubNets,PrevRefIPs
1,1,google.com,com,464090,2969648,google.com,com,1,1,464634,2986763
2,2,facebook.com,com,452015,3048268,facebook.com,com,2,2,452393,3065915
3,3,youtube.com,com,411300,2447059,youtube.com,com,3,3,411972,2463309
4,4,twitter.com,com,409145,2543485,twitter.com,com,4,4,410117,2563632
5,5,microsoft.com,com,304313,1145800,microsoft.com,com,5,5,304985,1149755
6,6,linkedin.com,com,293604,1348610,linkedin.com,com,6,6,294015,1356180
7,1,wikipedia.org,org,287783,1242985,wikipedia.org,org,7,1,288461,1251157
8,7,plus.google.com,com,284043,1458362,plus.google.com,com,8,7,284705,1467510
9,8,instagram.com,com,277653,1370034,instagram.com,com,9,8,277908,1378025
10,9,apple.com,com,276908,1052239,apple.com,com,10,9,277510,1059216
11,2,wordpress.org,org,258484,1272277,wordpress.org,org,11,2,258224,1272498
12,10,adobe.com,com,250659,867344,adobe.com,com,12,10,251938,874249
13,3,en.wikipedia.org,org,241425,916432,en.wikipedia.org,org,13,3,242039,921875
14,11,blogspot.com,com,232289,921914,blogspot.com,com,14,11,232956,927849
15,12,itunes.apple.com,com,229291,762745,itunes.apple.com,com,15,12,229861,768307
16,13,wordpress.com,com,228557,894192,wordpress.com,com,16,13,229378,901055
17,1,youtu.be,be,217685,788269,youtu.be,be,17,1,218465,794893
18,14,vimeo.com,com,216653,901088,vimeo.com,com,18,14,217348,908165
19,15,pinterest.com,com,216477,993568,pinterest.com,com,19,15,216961,999645
20,1,goo.gl,gl,212743,758754,goo.gl,gl,20,1,213425,763023
21,16,maps.google.com,com,211397,778731,maps.google.com,com,21,16,211744,782433
22,17,play.google.com,com,204158,640273,play.google.com,com,22,17,204766,644650
23,18,yahoo.com,com,197059,629029,yahoo.com,com,23,18,197818,632583
24,19,googletagmanager.com,com,193942,660534,googletagmanager.com,com,24,19,194654,665311
25,20,amazon.com,com,188251,652042,amazon.com,com,25,20,188615,655498
26,21,player.vimeo.com,com,181285,711904,player.vimeo.com,com,27,21,181814,716879
27,1,bit.ly,ly,181110,591401,bit.ly,ly,26,1,181905,596384
28,22,docs.google.com,com,175034,553712,docs.google.com,com,28,22,175525,556844
29,23,tumblr.com,com,172478,626298,tumblr.com,com,29,23,172902,629763
30,24,github.com,com,167988,498638,github.com,com,30,24,168163,499554
31,25,flickr.com,com,165290,541658,flickr.com,com,31,25,165789,545400
32,4,mozilla.org,org,164585,481185,mozilla.org,org,32,4,163290,478262
33,5,w3.org,org,155113,394377,w3.org,org,33,5,155426,395837
34,26,godaddy.com,com,154223,489674,godaddy.com,com,34,26,154450,490126
35,27,get.adobe.com,com,150232,390432,get.adobe.com,com,35,27,151505,396402
36,6,apache.org,org,148677,348121,apache.org,org,36,6,148808,348576
37,1,sourceforge.net,net,145436,357075,sourceforge.net,net,37,1,145714,358075
38,28,gravatar.com,com,141204,486231,gravatar.com,com,38,28,141144,486348
39,29,mcc.godaddy.com,com,139115,418794,mcc.godaddy.com,com,39,29,139317,418823
40,30,nytimes.com,com,136556,400164,nytimes.com,com,40,30,136915,402683
41,31,drive.google.com,com,131183,358704,drive.google.com,com,41,31,131723,360302
42,1,europa.eu,eu,129735,413046,europa.eu,eu,42,1,130972,420001
43,32,reddit.com,com,128293,417616,reddit.com,com,43,32,128387,419091
44,33,sites.google.com,com,127679,326431,sites.google.com,com,-1,-1,-1,-1
45,34,soundcloud.com,com,125397,402742,soundcloud.com,com,44,33,125839,404963
46,1,t.co,co,125258,376187,t.co,co,45,1,125515,378838
47,2,php.net,net,123794,301939,php.net,net,46,2,123923,302538
48,35,support.google.com,com,123001,390230,support.google.com,com,47,34,122846,390745
49,1,bbc.co.uk,uk,121398,332894,bbc.co.uk,uk,48,1,121856,335454
50,36,cnn.com,com,121263,325169,cnn.com,com,49,35,121555,327135
51,1,nih.gov,gov,120541,315765,nih.gov,gov,51,1,120801,317028
52,37,weebly.com,com,119220,324277,weebly.com,com,52,37,119902,326739
53,38,amazonaws.com,com,118920,287682,amazonaws.com,com,53,38,119486,289688
54,39,qq.com,com,116670,1110086,qq.com,com,54,39,116696,1103944
55,40,theguardian.com,com,116029,319810,theguardian.com,com,55,40,116183,321750
56,41,accounts.google.com,com,115393,345831,accounts.google.com,com,50,36,120899,367176
57,42,dropbox.com,com,114705,301279,dropbox.com,com,56,41,115133,303442
58,7,httpd.apache.org,org,114431,251417,httpd.apache.org,org,58,7,114448,251541
59,43,blogger.com,com,113949,313348,blogger.com,com,57,42,114591,316356
60,44,forbes.com,com,111155,290411,forbes.com,com,59,43,111248,292119
61,8,gnu.org,org,110892,251640,gnu.org,org,61,9,110823,251116
62,9,creativecommons.org,org,110647,278685,creativecommons.org,org,60,8,111006,280215
63,45,virginmedia.com,com,110031,278818,virginmedia.com,com,62,44,110191,278962
64,46,tinyurl.com,com,109719,278029,tinyurl.com,com,63,45,109899,279096
65,47,msn.com,com,108804,266832,msn.com,com,64,46,109221,267961
66,10,validator.w3.org,org,108576,258363,validator.w3.org,org,66,10,108815,259256
67,48,issuu.com,com,107606,284524,issuu.com,com,67,47,108038,286656
68,1,github.io,io,107507,251879,github.io,io,65,1,108858,257216
69,49,oracle.com,com,106062,207885,oracle.com,com,68,48,106242,208473
70,50,wsj.com,com,106024,268134,wsj.com,com,69,49,106174,269628
71,51,m.facebook.com,com,105491,300670,m.facebook.com,com,70,50,105750,301793
72,1,t-online.de,de,105121,261310,t-online.de,de,71,1,105681,262998
73,52,imdb.com,com,104286,282827,imdb.com,com,72,51,104544,284425
74,53,bing.com,com,104280,264341,bing.com,com,74,53,104392,264821
75,54,paypal.com,com,104264,299207,paypal.com,com,73,52,104529,301098
76,11,archive.org,org,103516,268506,archive.org,org,75,11,103756,269475
77,55,live.com,com,102400,233650,live.com,com,76,54,102919,235129
78,2,www.ncbi.nlm.nih.gov,gov,102176,252163,www.ncbi.nlm.nih.gov,gov,77,2,102352,252746
79,3,slideshare.net,net,101948,240733,slideshare.net,net,78,3,102275,242107
80,56,reuters.com,com,101605,245783,reuters.com,com,79,55,102014,247405
81,57,go.com,com,101289,256488,go.com,com,80,56,101584,257964
82,58,wix.com,com,100426,253608,wix.com,com,81,57,100997,255476
83,59,bp.blogspot.com,com,100387,279266,bp.blogspot.com,com,82,58,100686,280743
84,60,huffingtonpost.com,com,99523,272921,huffingtonpost.com,com,83,59,99735,274450
85,61,aol.com,com,99022,225771,aol.com,com,84,60,99487,227099
86,62,myspace.com,com,98151,265235,myspace.com,com,86,62,98420,267023
87,12,wikimedia.org,org,97810,249437,wikimedia.org,org,87,12,98238,251140
88,63,mysql.com,com,97365,203213,mysql.com,com,88,63,97465,203684
89,2,ec.europa.eu,eu,97361,293129,ec.europa.eu,eu,-1,-1,-1,-1
90,64,washingtonpost.com,com,97293,247816,washingtonpost.com,com,89,64,97387,249289
91,65,bloomberg.com,com,96929,230609,bloomberg.com,com,90,65,97221,232140
92,66,wixsite.com,com,95833,235171,wixsite.com,com,91,66,96151,236490
93,1,mit.edu,edu,94858,204009,mit.edu,edu,92,1,95083,204929
94,67,opera.com,com,94103,233916,opera.com,com,93,67,94414,235021
95,68,ibm.com,com,94071,182571,ibm.com,com,85,61,99203,198946
96,69,medium.com,com,93933,230744,medium.com,com,94,68,94091,231556
97,70,ebay.com,com,93461,240952,ebay.com,com,96,70,93518,241619
98,71,weibo.com,com,93423,541447,weibo.com,com,97,71,93220,537732
99,72,vk.com,com,93409,322462,vk.com,com,95,69,93531,322952
100,13,debian.org,org,92895,196634,debian.org,org,98,13,92992,196860
101,2,telegraph.co.uk,uk,92658,236208,telegraph.co.uk,uk,99,2,92961,237984
102,73,wp.com,com,92297,300605,wp.com,com,100,72,92268,301346
103,4,cpanel.net,net,92126,423474,cpanel.net,net,102,4,92002,423348
104,74,support.apple.com,com,92108,241705,support.apple.com,com,103,73,91997,242252
105,2,harvard.edu,edu,91819,204352,harvard.edu,edu,101,2,92008,205345
106,3,stanford.edu,edu,91429,191775,stanford.edu,edu,104,3,91567,192742
107,75,cnet.com,com,90602,204387,cnet.com,com,105,74,90973,205475
108,3,dailymail.co.uk,uk,90531,234363,dailymail.co.uk,uk,106,3,90873,235960
109,76,cpanel.com,com,90383,414235,cpanel.com,com,108,76,90264,414083
110,77,hp.com,com,90286,180959,hp.com,com,107,75,90676,182150
111,78,bbc.com,com,89495,213139,bbc.com,com,109,77,89685,214004
112,79,fc2.com,com,88765,221296,fc2.com,com,110,78,89048,222710
113,3,nasa.gov,gov,86369,187364,nasa.gov,gov,111,3,86548,188346
114,80,w.soundcloud.com,com,86104,247752,w.soundcloud.com,com,-1,-1,-1,-1
115,81,time.com,com,86052,206251,time.com,com,112,79,86224,207419
116,82,macromedia.com,com,85281,179048,macromedia.com,com,113,80,85462,179784
117,83,livejournal.com,com,85256,215933,livejournal.com,com,114,81,85449,216785
118,84,usatoday.com,com,85061,205830,usatoday.com,com,115,82,85255,207206
119,85,businessinsider.com,com,84332,199968,businessinsider.com,com,117,84,84367,200954
120,86,jimdo.com,com,84135,224244,jimdo.com,com,116,83,84484,225527
121,87,about.com,com,83912,198028,about.com,com,118,85,84282,199160
122,88,addthis.com,com,83767,195014,addthis.com,com,119,86,84134,196298
123,1,free.fr,fr,83738,199204,free.fr,fr,120,1,84114,200881
124,89,imgur.com,com,83348,209854,imgur.com,com,121,87,83403,210615
125,1,sina.com.cn,cn,83263,445700,sina.com.cn,cn,122,1,83230,444579
126,90,digg.com,com,82246,211577,digg.com,com,124,89,82338,212371
127,91,surveymonkey.com,com,81855,173709,surveymonkey.com,com,123,88,82407,175360
128,92,wired.com,com,81844,186186,wired.com,com,125,90,82073,187350
129,93,dailymotion.com,com,81742,219624,dailymotion.com,com,126,91,82068,221461
130,94,eventbrite.com,com,80741,199185,eventbrite.com,com,127,92,81219,200806
131,4,talktalk.co.uk,uk,80551,175134,talktalk.co.uk,uk,128,4,80759,175456
132,1,who.int,int,80017,163081,who.int,int,129,1,80300,163967
133,95,youtube-nocookie.com,com,79253,194966,youtube-nocookie.com,com,130,93,79625,196317
134,14,web.archive.org,org,79127,181051,web.archive.org,org,131,14,79254,181715
135,96,googleusercontent.com,com,78945,184823,googleusercontent.com,com,132,94,79232,185837
136,97,feedburner.com,com,78408,201099,feedburner.com,com,134,96,78581,201863
137,98,ted.com,com,78334,178091,ted.com,com,133,95,78614,179062
138,1,gc.ca,ca,78128,167577,gc.ca,ca,135,1,78386,168774
139,4,cdc.gov,gov,77837,179373,cdc.gov,gov,136,4,78039,180096
140,99,statcounter.com,com,77721,204884,statcounter.com,com,140,99,77717,205152
141,100,wiley.com,com,77655,159840,wiley.com,com,139,98,77724,160224
142,101,typepad.com,com,77606,187772,typepad.com,com,137,97,77896,189015
143,15,un.org,org,77568,157727,un.org,org,138,15,77779,158722
144,102,2.bp.blogspot.com,com,77432,199651,2.bp.blogspot.com,com,143,102,77576,200352
145,103,nature.com,com,77432,160561,nature.com,com,141,100,77646,161128
146,104,stumbleupon.com,com,77412,210678,stumbleupon.com,com,142,101,77594,211454
147,105,163.com,com,76775,377085,163.com,com,145,104,76813,376225
148,106,webs.com,com,76695,181965,webs.com,com,144,103,77010,183237
149,107,developers.google.com,com,76455,203338,developers.google.com,com,-1,-1,-1,-1
150,108,1.bp.blogspot.com,com,75748,194484,1.bp.blogspot.com,com,146,105,75883,195108
151,109,4.bp.blogspot.com,com,75637,195802,4.bp.blogspot.com,com,148,107,75730,196349
152,110,3.bp.blogspot.com,com,75591,194176,3.bp.blogspot.com,com,147,106,75746,194976
153,111,sciencedirect.com,com,75368,151987,sciencedirect.com,com,149,108,75547,152575
154,16,ietf.org,org,75013,134550,ietf.org,org,150,16,75094,134817
155,5,loc.gov,gov,74948,148060,loc.gov,gov,151,5,75068,148684
156,112,latimes.com,com,74611,179053,latimes.com,com,152,109,74774,180148
157,113,scribd.com,com,74462,173416,scribd.com,com,153,110,74541,174105
158,114,tripod.com,com,73976,160814,tripod.com,com,154,111,74311,161572
159,115,feeds.feedburner.com,com,73962,187261,feeds.feedburner.com,com,155,112,74129,187961
160,4,berkeley.edu,edu,73786,148685,berkeley.edu,edu,157,4,73893,149269
161,116,list-manage.com,com,73629,173859,list-manage.com,com,156,113,74106,175181
162,117,wpa.qq.com,com,73457,602888,wpa.qq.com,com,163,115,73385,599865
163,118,i0.wp.com,com,73438,234240,i0.wp.com,com,161,114,73447,234558
164,5,independent.co.uk,uk,73406,171699,independent.co.uk,uk,160,7,73619,172969
165,6,google.co.uk,uk,73395,183185,google.co.uk,uk,159,6,73720,185007
166,7,www.gov.uk,uk,73345,164659,www.gov.uk,uk,158,5,73767,167004
167,5,launchpad.net,net,73173,140263,launchpad.net,net,165,5,73197,140253
168,17,npr.org,org,73136,177397,npr.org,org,162,17,73430,178440
169,5,washington.edu,edu,73066,138819,washington.edu,edu,166,5,73197,139271
170,119,techcrunch.com,com,73048,158683,techcrunch.com,com,164,116,73250,159536
171,120,yelp.com,com,73017,204936,yelp.com,com,167,117,73030,205402
172,121,i1.wp.com,com,72862,232259,i1.wp.com,com,169,118,72791,232602
173,122,i2.wp.com,com,72554,231451,i2.wp.com,com,171,119,72482,231787
174,8,amazon.co.uk,uk,72531,181808,amazon.co.uk,uk,168,8,72919,183259
175,123,kickstarter.com,com,72344,170041,kickstarter.com,com,172,120,72452,171129
176,18,commons.wikimedia.org,org,72259,166480,commons.wikimedia.org,org,170,18,72509,167594
177,124,etsy.com,com,72209,190827,etsy.com,com,173,121,72447,191787
178,125,xinhuanet.com,com,72201,286856,xinhuanet.com,com,174,122,72209,284866
179,126,baidu.com,com,71587,486888,baidu.com,com,179,126,71533,485864
180,19,jigsaw.w3.org,org,71478,153372,jigsaw.w3.org,org,176,19,71698,153990
181,127,photobucket.com,com,71475,168515,photobucket.com,com,175,123,71792,169467
182,128,nationalgeographic.com,com,71456,157256,nationalgeographic.com,com,177,124,71673,157947
183,129,geocities.com,com,71271,147769,geocities.com,com,178,125,71621,148546
184,9,blogspot.co.uk,uk,71027,166871,blogspot.co.uk,uk,180,9,71489,168637
185,130,wikia.com,com,70896,162858,wikia.com,com,181,127,71030,163711
186,131,addtoany.com,com,70808,182665,addtoany.com,com,182,128,70899,183025
187,10,guardian.co.uk,uk,70061,156316,guardian.co.uk,uk,183,10,70444,157527
188,132,spotify.com,com,69942,175740,spotify.com,com,184,129,70073,176776
189,20,nginx.org,org,69323,138203,nginx.org,org,188,20,69248,138165
190,133,deviantart.com,com,69317,164221,deviantart.com,com,185,130,69526,164809
191,134,sun.com,com,69310,116516,sun.com,com,186,131,69507,116814
192,135,springer.com,com,69181,135917,springer.com,com,187,132,69453,136454
193,136,youku.com,com,69038,311608,youku.com,com,190,133,68987,311214
194,6,cloudfront.net,net,68806,141251,cloudfront.net,net,189,6,69048,142079
195,7,themeforest.net,net,68412,186415,themeforest.net,net,195,7,68357,186259
196,137,ft.com,com,68399,139671,ft.com,com,191,134,68677,140739
197,2,google.de,de,68278,235376,google.de,de,192,2,68635,238542
198,138,samsung.com,com,68262,137977,samsung.com,com,194,135,68388,138652
199,11,news.bbc.co.uk,uk,68238,149974,news.bbc.co.uk,uk,193,11,68570,151005
200,139,s3.amazonaws.com,com,67920,141166,s3.amazonaws.com,com,196,136,68090,142024
201,8,behance.net,net,67571,163033,behance.net,net,197,8,67707,163528
202,140,tripadvisor.com,com,67344,162775,tripadvisor.com,com,198,137,67665,163404
203,141,abcnews.go.com,com,66983,155962,abcnews.go.com,com,200,139,67119,156794
204,142,hugedomains.com,com,66926,137398,hugedomains.com,com,209,146,65675,134566
205,6,princeton.edu,edu,66604,125066,princeton.edu,edu,201,6,66791,125624
206,7,cornell.edu,edu,66546,136060,cornell.edu,edu,202,7,66699,136790
207,143,us.com,com,66513,140802,us.com,com,203,140,66502,141123
208,144,sohu.com,com,66409,309267,sohu.com,com,205,142,66296,308413
209,145,taobao.com,com,66228,300548,taobao.com,com,207,144,66203,300243
210,146,disqus.com,com,66221,148629,disqus.com,com,204,141,66345,149040
211,147,mashable.com,com,65730,145546,mashable.com,com,208,145,65862,146268
212,148,buzzfeed.com,com,65578,151580,buzzfeed.com,com,206,143,66251,153621
213,149,cnbc.com,com,65529,142861,cnbc.com,com,210,147,65621,143620
214,150,cbsnews.com,com,64986,147334,cbsnews.com,com,211,148,65295,148117
215,151,alibaba.com,com,64859,160143,alibaba.com,com,212,149,64800,160269
216,152,foxnews.com,com,64551,147268,foxnews.com,com,213,150,64646,147888
217,21,fr.wikipedia.org,org,64197,149721,fr.wikipedia.org,org,214,21,64487,151485
218,153,translate.google.com,com,64130,128673,translate.google.com,com,215,151,64311,129433
219,154,engadget.com,com,63988,137963,engadget.com,com,216,152,64192,138593
220,155,skype.com,com,63814,139339,skype.com,com,217,153,64016,140016
221,156,online.wsj.com,com,63325,134941,online.wsj.com,com,-1,-1,-1,-1
222,2,miitbeian.gov.cn,cn,63246,486003,miitbeian.gov.cn,cn,222,2,63083,482852
223,6,whitehouse.gov,gov,63087,127537,whitehouse.gov,gov,220,6,63196,128398
224,157,theatlantic.com,com,63078,141756,theatlantic.com,com,219,155,63303,142517
225,158,intel.com,com,63066,114984,intel.com,com,221,156,63190,115491
226,159,whatsapp.com,com,62883,169234,whatsapp.com,com,224,158,62861,169123
227,160,android.com,com,62743,118755,android.com,com,223,157,63007,119421
228,161,groups.google.com,com,62621,118688,groups.google.com,com,226,160,62829,119183
229,162,economist.com,com,62569,124354,economist.com,com,225,159,62830,125318
230,7,noaa.gov,gov,62173,126184,noaa.gov,gov,227,7,62347,126905
231,3,miibeian.gov.cn,cn,61832,387822,miibeian.gov.cn,cn,230,3,61710,385092
232,163,example.com,com,61578,116420,example.com,com,229,161,61729,116771
233,22,doi.org,org,61571,112144,doi.org,org,228,22,61763,112543
234,23,change.org,org,61531,138638,change.org,org,231,23,61654,139514
235,1,or.kr,kr,61486,124196,or.kr,kr,232,1,61632,124429
236,8,ca.gov,gov,61368,138007,ca.gov,gov,233,8,61564,138775
237,164,goodreads.com,com,61118,142778,goodreads.com,com,234,162,61234,143331
238,165,squarespace.com,com,61025,135141,squarespace.com,com,235,163,61231,135737
239,24,altervista.org,org,60985,134550,altervista.org,org,236,24,61189,135074
240,1,amzn.to,to,60976,166933,amzn.to,to,237,1,61102,167879
241,166,nginx.com,com,60925,115360,nginx.com,com,244,168,60408,114252
242,1,kiev.ua,ua,60658,134039,kiev.ua,ua,239,1,60851,134603
243,167,eepurl.com,com,60644,148213,eepurl.com,com,238,164,61006,149173
244,168,parallels.com,com,60557,180406,parallels.com,com,240,165,60765,181344
245,25,pbs.org,org,60415,133601,pbs.org,org,241,25,60697,134440
246,169,dev.mysql.com,com,60359,111333,dev.mysql.com,com,242,166,60425,111532
247,170,cisco.com,com,60282,103015,cisco.com,com,243,167,60411,103370
248,3,blogspot.de,de,59936,139997,blogspot.de,de,245,3,60390,141570
249,171,zend.com,com,59918,120336,zend.com,com,246,169,59946,120261
250,172,cloudflare.com,com,59868,192626,cloudflare.com,com,258,177,58755,190633
251,173,zdnet.com,com,59736,111636,zdnet.com,com,247,170,59794,112067
252,174,webmd.com,com,59678,141079,webmd.com,com,249,171,59780,141696
253,8,umich.edu,edu,59599,112779,umich.edu,edu,248,8,59785,113269
254,1,icio.us,us,59597,127154,icio.us,us,250,1,59773,127697
255,175,prnewswire.com,com,59273,119503,prnewswire.com,com,218,154,63388,132769
256,176,gizmodo.com,com,59198,126578,gizmodo.com,com,253,173,59293,127197
257,2,del.icio.us,us,59144,125919,del.icio.us,us,252,2,59320,126452
258,177,uk.com,com,59124,125236,uk.com,com,254,174,59246,126006
259,178,bandcamp.com,com,59088,143838,bandcamp.com,com,251,172,59347,144503
260,9,doubleclick.net,net,59036,104180,doubleclick.net,net,255,9,59147,105098
261,179,redhat.com,com,58898,99154,redhat.com,com,256,175,58973,99320
262,180,office.com,com,58607,103612,office.com,com,257,176,58812,104025
263,181,theverge.com,com,58517,119297,theverge.com,com,259,178,58586,119770
264,182,oreilly.com,com,58417,104853,oreilly.com,com,260,179,58478,105063
265,183,fb.com,com,57902,122659,fb.com,com,264,180,57972,122984
266,9,usda.gov,gov,57874,119650,usda.gov,gov,263,9,58008,120337
267,26,unesco.org,org,57755,107993,unesco.org,org,262,27,58015,108846
268,1,yandex.ru,ru,57737,179654,yandex.ru,ru,267,1,57695,179668
269,27,de.wikipedia.org,org,57677,167476,de.wikipedia.org,org,261,26,58037,169476
270,184,booking.com,com,57653,129698,booking.com,com,265,181,57867,130098
271,10,fda.gov,gov,57597,113997,fda.gov,gov,266,10,57707,114326
272,28,joomla.org,org,57339,128728,joomla.org,org,268,28,57424,129021
273,185,mp.weixin.qq.com,com,57315,261782,mp.weixin.qq.com,com,272,184,57191,260386
274,186,i.imgur.com,com,57252,127323,i.imgur.com,com,269,182,57377,127797
275,187,dell.com,com,57207,104972,dell.com,com,271,183,57292,105415
276,2,ow.ly,ly,57079,113274,ow.ly,ly,270,2,57333,113930
277,188,dropcatch.com,com,56975,129381,dropcatch.com,com,273,185,56944,129256
278,189,ifeng.com,com,56769,276959,ifeng.com,com,276,187,56650,275975
279,190,netscape.com,com,56515,96486,netscape.com,com,275,186,56658,96739
280,2,qc.ca,ca,56434,111508,qc.ca,ca,274,2,56756,112185
281,9,columbia.edu,edu,56419,105928,columbia.edu,edu,277,9,56549,106419
282,10,uiuc.edu,edu,56357,95810,uiuc.edu,edu,279,10,56489,96156
283,191,usnews.com,com,56343,119213,usnews.com,com,278,188,56547,119819
284,11,state.gov,gov,56197,111603,state.gov,gov,281,11,56172,111977
285,3,imageshack.us,us,55951,123008,imageshack.us,us,280,3,56184,123657
286,3,cbc.ca,ca,55922,122649,cbc.ca,ca,282,3,56169,123399
287,192,constantcontact.com,com,55829,134885,constantcontact.com,com,283,189,56020,135812
288,29,iso.org,org,55799,92886,iso.org,org,284,29,55957,93139
289,12,epa.gov,gov,55788,112854,epa.gov,gov,285,12,55834,113293
290,1,abc.net.au,au,55526,115760,abc.net.au,au,286,1,55623,116420
291,11,uci.edu,edu,55481,95403,uci.edu,edu,287,11,55582,95626
292,193,fortune.com,com,55449,109069,fortune.com,com,289,191,55549,109788
293,194,books.google.com,com,55224,113762,books.google.com,com,293,193,55265,114168
294,12,upenn.edu,edu,55206,103507,upenn.edu,edu,291,12,55298,103894
295,195,ning.com,com,55194,113862,ning.com,com,290,192,55402,114465
296,30,sciencemag.org,org,55154,101681,sciencemag.org,org,292,30,55292,102212
297,196,marriott.com,com,55025,110171,marriott.com,com,288,190,55571,111310
298,197,stackoverflow.com,com,55019,106036,stackoverflow.com,com,294,194,55109,106321
299,13,yale.edu,edu,54930,102283,yale.edu,edu,295,13,54972,102542
300,198,wikihow.com,com,54738,120408,wikihow.com,com,296,195,54909,120849
301,199,meetup.com,com,54716,115634,meetup.com,com,297,196,54824,116228
302,14,wisc.edu,edu,54350,99317,wisc.edu,edu,298,14,54536,99715
303,200,angelfire.com,com,54159,110108,angelfire.com,com,299,197,54258,110485
304,15,psu.edu,edu,54042,100099,psu.edu,edu,300,15,54210,100412
305,12,ox.ac.uk,uk,53904,96880,ox.ac.uk,uk,301,12,54200,97600
306,4,blogspot.ca,ca,53800,115612,blogspot.ca,ca,302,4,54187,116798
307,201,plesk.com,com,53764,176042,plesk.com,com,303,198,53882,176346
308,202,businesswire.com,com,53763,102527,businesswire.com,com,317,207,52244,99005
309,203,vice.com,com,53470,117153,vice.com,com,305,199,53579,117741
310,204,indiatimes.com,com,53465,110551,indiatimes.com,com,306,200,53549,111011
311,13,cam.ac.uk,uk,53448,93749,cam.ac.uk,uk,304,13,53710,94395
312,205,mailchimp.com,com,53193,115543,mailchimp.com,com,307,201,53438,116106
313,206,sciencedaily.com,com,53020,105641,sciencedaily.com,com,308,202,53099,105998
314,10,researchgate.net,net,52911,100195,researchgate.net,net,309,10,53076,100519
315,207,symantec.com,com,52849,90727,symantec.com,com,310,203,53034,91200
316,208,nbcnews.com,com,52795,111924,nbcnews.com,com,311,204,53012,112789
317,31,sitemaps.org,org,52764,145179,sitemaps.org,org,323,32,51830,140982
318,16,utexas.edu,edu,52652,96453,utexas.edu,edu,312,16,52788,96956
319,209,chicagotribune.com,com,52639,111402,chicagotribune.com,com,313,205,52757,111938
320,2,in.ua,ua,52391,114952,in.ua,ua,314,2,52552,115314
321,1,ustream.tv,tv,52308,106614,ustream.tv,tv,315,1,52548,107182
322,210,open.spotify.com,com,52116,121930,open.spotify.com,com,-1,-1,-1,-1
323,32,worldbank.org,org,52005,91474,worldbank.org,org,318,31,52112,91922
324,211,newyorker.com,com,52001,109601,newyorker.com,com,319,208,52098,110076
325,212,v.qq.com,com,51786,241709,v.qq.com,com,328,212,51644,241268
326,213,marketwatch.com,com,51780,102450,marketwatch.com,com,325,211,51807,102859
327,1,fb.me,me,51695,100847,fb.me,me,321,1,51944,101560
328,214,quora.com,com,51674,105936,quora.com,com,329,213,51635,106081
329,215,arstechnica.com,com,51663,99015,arstechnica.com,com,324,210,51810,99571
330,216,mozilla.com,com,51663,95639,mozilla.com,com,322,209,51868,96111
331,1,blogspot.com.es,es,51647,114392,blogspot.com.es,es,320,1,51978,115336
332,17,ucla.edu,edu,51636,95458,ucla.edu,edu,327,17,51762,95947
333,217,mediafire.com,com,51562,116137,mediafire.com,com,330,214,51614,116510
334,4,beian.gov.cn,cn,51555,278446,beian.gov.cn,cn,332,4,51411,274475
335,4,amazon.de,de,51390,140819,amazon.de,de,326,4,51796,142135
336,5,arnebrachhold.de,de,51202,142442,arnebrachhold.de,de,344,5,50251,138203
337,5,google.ca,ca,51181,114573,google.ca,ca,331,5,51428,115226
338,5,chinadaily.com.cn,cn,51075,126389,chinadaily.com.cn,cn,334,5,51153,126452
339,218,indiegogo.com,com,51066,106136,indiegogo.com,com,333,215,51253,107019
340,219,fastcompany.com,com,50768,101557,fastcompany.com,com,316,206,52283,105901
341,6,on.ca,ca,50758,99539,on.ca,ca,336,6,50957,100202
342,220,slate.com,com,50627,108152,slate.com,com,341,219,50682,108711
343,18,umn.edu,edu,50610,92770,umn.edu,edu,337,18,50803,93225
344,11,fbcdn.net,net,50534,106113,fbcdn.net,net,338,11,50718,106589
345,221,over-blog.com,com,50519,109911,over-blog.com,com,335,216,51138,111699
346,222,sfgate.com,com,50488,109100,sfgate.com,com,340,218,50687,109629
347,223,nydailynews.com,com,50440,110848,nydailynews.com,com,342,220,50526,111416
348,224,hilton.com,com,50400,99524,hilton.com,com,339,217,50690,100216
349,225,cbslocal.com,com,50130,109724,cbslocal.com,com,345,221,50250,110380
350,33,bbb.org,org,50106,119316,bbb.org,org,343,33,50252,119992
351,226,scientificamerican.com,com,49879,98590,scientificamerican.com,com,347,222,49976,98969
352,34,ieee.org,org,49833,83579,ieee.org,org,349,34,49868,83821
353,2,spb.ru,ru,49663,107906,spb.ru,ru,350,2,49865,108106
354,35,es.wikipedia.org,org,49649,120310,es.wikipedia.org,org,351,35,49848,120856
355,2,blogspot.fr,fr,49635,102904,blogspot.fr,fr,348,2,49882,104214
356,3,gouv.fr,fr,49630,105911,gouv.fr,fr,352,3,49839,107482
357,227,giphy.com,com,49425,102845,giphy.com,com,353,223,49579,103338
358,228,v.youku.com,com,49398,155118,v.youku.com,com,358,228,49370,155103
359,229,sagepub.com,com,49333,90956,sagepub.com,com,356,226,49450,91295
360,230,businessweek.com,com,49249,93885,businessweek.com,com,354,224,49488,94500
361,231,bizjournals.com,com,49165,101355,bizjournals.com,com,357,227,49372,101894
362,19,cmu.edu,edu,49065,84554,cmu.edu,edu,346,19,50106,86569
363,232,zendesk.com,com,49019,90698,zendesk.com,com,355,225,49474,91890
364,36,slashdot.org,org,48965,87128,slashdot.org,org,359,36,49093,87473
365,12,earthlink.net,net,48892,87662,earthlink.net,net,360,12,49007,87976
366,1,yahoo.co.jp,jp,48814,126532,yahoo.co.jp,jp,366,1,48697,126597
367,2,about.me,me,48790,98556,about.me,me,361,2,48960,99080
368,14,mirror.co.uk,uk,48692,100948,mirror.co.uk,uk,362,14,48852,101599
369,233,foursquare.com,com,48670,97998,foursquare.com,com,365,229,48706,98378
370,234,so.com,com,48633,273438,so.com,com,368,231,48587,272734
371,20,academia.edu,edu,48613,93868,academia.edu,edu,364,20,48752,94085
372,37,wiktionary.org,org,48592,96632,wiktionary.org,org,363,37,48782,97088
373,235,howstuffworks.com,com,48585,98727,howstuffworks.com,com,367,230,48659,99093
374,13,nps.gov,gov,48454,104416,nps.gov,gov,369,13,48575,104989
375,38,dmoz.org,org,48437,83445,dmoz.org,org,370,38,48543,83639
376,6,blog.sina.com.cn,cn,48355,160011,blog.sina.com.cn,cn,373,6,48300,159938
377,236,nypost.com,com,48255,99373,nypost.com,com,371,232,48533,100226
378,237,phpbb.com,com,48144,99402,phpbb.com,com,374,234,48292,99674
379,238,ikea.com,com,48138,100916,ikea.com,com,372,233,48430,101580
380,239,ubuntu.com,com,47902,82157,ubuntu.com,com,375,235,48198,82686
381,240,technet.microsoft.com,com,47722,80914,technet.microsoft.com,com,377,236,47730,81208
382,7,pinterest.ca,ca,47666,118173,pinterest.ca,ca,376,7,47730,118238
383,3,vkontakte.ru,ru,47591,115422,vkontakte.ru,ru,378,3,47654,115632
384,2,twitch.tv,tv,47432,99694,twitch.tv,tv,385,2,47442,99890
385,6,spiegel.de,de,47423,111909,spiegel.de,de,379,6,47635,112874
386,241,elegantthemes.com,com,47419,128250,elegantthemes.com,com,386,241,47385,128279
387,242,discovery.com,com,47361,90517,discovery.com,com,383,239,47464,90938
388,39,openssl.org,org,47344,72607,openssl.org,org,387,40,47378,72703
389,243,list-manage1.com,com,47342,93724,list-manage1.com,com,380,237,47627,94362
390,244,evernote.com,com,47329,93384,evernote.com,com,384,240,47455,93647
391,245,barnesandnoble.com,com,47313,107241,barnesandnoble.com,com,381,238,47602,107937
392,40,oecd.org,org,47277,80214,oecd.org,org,382,39,47483,80867
393,4,mail.ru,ru,47214,126515,mail.ru,ru,391,4,47261,126719
394,41,postgresql.org,org,47195,78113,postgresql.org,org,390,41,47266,78267
395,42,drupal.org,org,47162,87434,drupal.org,org,392,42,47260,87732
396,246,tandfonline.com,com,47149,84112,tandfonline.com,com,388,242,47321,84557
397,43,hbr.org,org,47144,90752,hbr.org,org,393,43,47259,91121
398,2,smh.com.au,au,47058,95233,smh.com.au,au,389,2,47271,95920
399,247,tinypic.com,com,47057,96615,tinypic.com,com,394,243,47144,97031
400,248,newsweek.com,com,46882,93062,newsweek.com,com,395,244,47031,93565
401,249,nokia.com,com,46632,82541,nokia.com,com,396,245,46760,82840
402,250,livestream.com,com,46599,87948,livestream.com,com,397,246,46753,88446
403,251,api.whatsapp.com,com,46541,122597,api.whatsapp.com,com,405,252,46417,122272
404,252,walmart.com,com,46541,97985,walmart.com,com,399,248,46636,98303
405,1,go.id,id,46501,90694,go.id,id,400,1,46553,90790
406,253,storify.com,com,46425,89183,storify.com,com,398,247,46668,89804
407,254,weather.com,com,46416,90081,weather.com,com,401,249,46534,90563
408,255,steampowered.com,com,46406,94365,steampowered.com,com,402,250,46493,94705
409,256,inc.com,com,46360,90843,inc.com,com,407,253,46317,91104
410,257,yolasite.com,com,46314,90318,yolasite.com,com,403,251,46468,90659
411,21,uchicago.edu,edu,46281,81997,uchicago.edu,edu,404,21,46435,82224
412,258,alexa.com,com,46218,90110,alexa.com,com,408,254,46292,90245
413,259,entrepreneur.com,com,46108,92727,entrepreneur.com,com,410,256,46136,92922
414,260,box.com,com,46028,84620,box.com,com,409,255,46140,84917
415,261,com.com,com,46012,82419,com.com,com,411,257,46061,82542
416,262,rt.com,com,45994,93973,rt.com,com,412,258,46057,94326
417,4,google.fr,fr,45984,102660,google.fr,fr,406,4,46321,104262
418,22,usc.edu,edu,45923,82749,usc.edu,edu,414,22,45908,83025
419,14,usgs.gov,gov,45833,83850,usgs.gov,gov,413,14,45932,84316
420,263,widgets.wp.com,com,45797,121242,widgets.wp.com,com,417,259,45785,121385
421,44,cambridge.org,org,45772,79894,cambridge.org,org,415,44,45868,80123
422,15,house.gov,gov,45745,92075,house.gov,gov,416,15,45856,92591
423,264,delicious.com,com,45668,96261,delicious.com,com,418,260,45767,96492
424,2,sakura.ne.jp,jp,45607,102976,sakura.ne.jp,jp,424,2,45553,103071
425,265,myshopify.com,com,45470,94097,myshopify.com,com,419,261,45682,94621
426,45,networkadvertising.org,org,45436,103314,networkadvertising.org,org,425,45,45536,103558
427,266,mapquest.com,com,45389,93707,mapquest.com,com,421,262,45615,94180
428,267,boston.com,com,45387,90575,boston.com,com,423,263,45582,91086
429,268,appspot.com,com,45360,84652,appspot.com,com,426,264,45471,85073
430,16,ftc.gov,gov,45349,87894,ftc.gov,gov,420,16,45666,89074
431,17,ed.gov,gov,45296,87276,ed.gov,gov,422,17,45606,88020
432,23,nyu.edu,edu,45287,81362,nyu.edu,edu,427,23,45407,81698
433,269,britannica.com,com,45128,85017,britannica.com,com,428,265,45168,85333
434,24,si.edu,edu,45041,83728,si.edu,edu,429,24,45091,84049
435,270,dribbble.com,com,44902,98874,dribbble.com,com,434,270,44932,98931
436,271,bmj.com,com,44881,82517,bmj.com,com,431,267,45005,83012
437,272,merriam-webster.com,com,44880,88081,merriam-webster.com,com,430,266,45011,88467
438,3,rakuten.co.jp,jp,44819,104085,rakuten.co.jp,jp,435,3,44858,104244
439,273,java.com,com,44785,72742,java.com,com,432,268,44992,72972
440,274,enable-javascript.com,com,44697,90253,enable-javascript.com,com,433,269,44961,90648
441,46,mayoclinic.org,org,44599,95720,mayoclinic.org,org,438,46,44594,96052
442,275,verisign.com,com,44523,69835,verisign.com,com,436,271,44818,70336
443,47,apachefriends.org,org,44508,81225,apachefriends.org,org,441,47,44551,81289
444,1,blogspot.in,in,44495,87345,blogspot.in,in,442,1,44474,87593
445,1,uol.com.br,br,44478,93823,uol.com.br,br,440,1,44565,94086
446,48,mitre.org,org,44440,71125,mitre.org,org,443,48,44399,71272
447,4,exblog.jp,jp,44382,92384,exblog.jp,jp,437,4,44649,93016
448,276,hexun.com,com,44329,163100,hexun.com,com,447,274,44259,162811
449,277,dropboxusercontent.com,com,44296,80514,dropboxusercontent.com,com,439,272,44574,81158
450,15,thesun.co.uk,uk,44224,92594,thesun.co.uk,uk,445,15,44314,93038
451,278,000webhost.com,com,44214,85296,000webhost.com,com,448,275,44239,85612
452,49,freebsd.org,org,44108,71027,freebsd.org,org,450,49,44176,71152
453,279,lifehacker.com,com,44100,87932,lifehacker.com,com,453,277,44112,88257
454,1,51.la,la,44043,189704,51.la,la,444,1,44325,192686
455,25,umd.edu,edu,44040,76021,umd.edu,edu,451,26,44171,76361
456,26,purdue.edu,edu,44022,75586,purdue.edu,edu,449,25,44219,75884
457,280,dw.com,com,44011,85127,dw.com,com,452,276,44146,85570
458,281,venturebeat.com,com,43982,80928,venturebeat.com,com,455,279,44103,81306
459,282,t.qq.com,com,43949,181046,t.qq.com,com,461,281,43913,180239
460,18,irs.gov,gov,43883,92346,irs.gov,gov,459,18,43925,92795
461,50,python.org,org,43877,71806,python.org,org,457,50,44019,72066
462,27,illinois.edu,edu,43869,75842,illinois.edu,edu,456,27,44085,76296
463,1,govt.nz,nz,43858,77650,govt.nz,nz,460,1,43920,78061
464,283,prezi.com,com,43843,77491,prezi.com,com,454,278,44108,77918
465,284,themeisle.com,com,43837,103182,themeisle.com,com,462,282,43887,103260
466,285,psychologytoday.com,com,43816,93663,psychologytoday.com,com,464,284,43845,93933
467,5,hatena.ne.jp,jp,43709,104468,hatena.ne.jp,jp,469,5,43678,104389
468,286,teamviewer.com,com,43703,79116,teamviewer.com,com,463,283,43864,79335
469,287,oup.com,com,43670,75243,oup.com,com,468,287,43795,75586
470,3,wp.me,me,43641,100365,wp.me,me,467,3,43805,100686
471,288,wunderground.com,com,43636,86204,wunderground.com,com,465,285,43845,86687
472,289,smugmug.com,com,43627,85169,smugmug.com,com,466,286,43836,85652
473,290,netflix.com,com,43583,89682,netflix.com,com,470,288,43581,90163
474,291,technorati.com,com,43529,85275,technorati.com,com,473,290,43554,85589
475,3,news.com.au,au,43508,86345,news.com.au,au,471,3,43581,86815
476,2,itu.int,int,43421,70107,itu.int,int,474,2,43453,70217
477,292,instructables.com,com,43380,86239,instructables.com,com,472,289,43567,86583
478,293,theglobeandmail.com,com,43292,87003,theglobeandmail.com,com,475,291,43419,87460
479,294,newscientist.com,com,43176,78074,newscientist.com,com,476,292,43373,78617
480,51,fedoraproject.org,org,43169,72359,fedoraproject.org,org,478,51,43219,72474
481,295,timeanddate.com,com,43162,81412,timeanddate.com,com,477,293,43267,81688
482,296,pcworld.com,com,43047,80879,pcworld.com,com,479,294,43164,81219
483,28,ufl.edu,edu,42972,75161,ufl.edu,edu,481,28,43052,75492
484,2,soup.io,io,42945,82007,soup.io,io,482,2,43051,82194
485,297,gofundme.com,com,42894,91004,gofundme.com,com,480,295,43085,91536
486,298,qz.com,com,42811,81128,qz.com,com,484,296,42872,81525
487,299,googleblog.com,com,42774,76901,googleblog.com,com,458,280,43937,80007
488,300,aliexpress.com,com,42759,86514,aliexpress.com,com,489,298,42636,86368
489,52,opensource.org,org,42744,75212,opensource.org,org,485,52,42859,75388
490,8,bc.ca,ca,42693,79597,bc.ca,ca,483,8,42885,80055
491,29,udel.edu,edu,42687,70402,udel.edu,edu,486,29,42763,70631
492,19,senate.gov,gov,42617,83660,senate.gov,gov,487,19,42733,84111
493,301,jiathis.com,com,42599,182331,jiathis.com,com,495,301,42536,181568
494,302,jd.com,com,42590,138236,jd.com,com,501,306,42448,138101
495,20,census.gov,gov,42565,78302,census.gov,gov,493,20,42566,78638
496,1,gob.mx,mx,42551,78033,gob.mx,mx,490,1,42619,78372
497,303,amazon-adsystem.com,com,42548,112925,amazon-adsystem.com,com,491,299,42592,113222
498,304,deloitte.com,com,42459,70360,deloitte.com,com,496,302,42519,70733
499,305,w3schools.com,com,42448,75357,w3schools.com,com,488,297,42653,75631
500,306,pcmag.com,com,42422,77848,pcmag.com,com,507,309,42369,78036
501,1,last.fm,fm,42393,85407,last.fm,fm,494,1,42547,85725
502,30,msu.edu,edu,42385,74230,msu.edu,edu,497,30,42515,74577
503,307,elsevier.com,com,42374,68989,elsevier.com,com,492,300,42592,69262
504,308,jquery.com,com,42347,72577,jquery.com,com,498,303,42510,72808
505,53,fao.org,org,42312,73116,fao.org,org,502,53,42448,73513
506,54,kernel.org,org,42301,68937,kernel.org,org,510,55,42298,69044
507,309,thefreedictionary.com,com,42296,81921,thefreedictionary.com,com,503,307,42443,82335
508,310,prweb.com,com,42281,80667,prweb.com,com,504,308,42409,81047
509,31,unc.edu,edu,42276,73231,unc.edu,edu,505,31,42407,73595
510,311,vmware.com,com,42265,67362,vmware.com,com,513,313,42123,67233
511,2,google.es,es,42259,101199,google.es,es,506,2,42379,101605
512,312,domainmarket.com,com,42243,78240,domainmarket.com,com,583,345,40004,73410
513,313,wufoo.com,com,42242,86393,wufoo.com,com,499,304,42470,86823
514,314,news.google.com,com,42135,80160,news.google.com,com,500,305,42467,81358
515,55,ap.org,org,42125,78706,ap.org,org,508,54,42306,79169
516,315,ihg.com,com,42102,72618,ihg.com,com,509,310,42303,73255
517,316,thoughtco.com,com,42035,79740,thoughtco.com,com,511,311,42145,80035
518,317,ign.com,com,42027,85137,ign.com,com,512,312,42126,85639
519,32,duke.edu,edu,41933,72520,duke.edu,edu,515,32,42019,72786
520,33,ucsd.edu,edu,41902,72534,ucsd.edu,edu,516,33,41988,72927
521,56,oxfordjournals.org,org,41810,70774,oxfordjournals.org,org,514,56,42078,71187
522,16,theregister.co.uk,uk,41800,73206,theregister.co.uk,uk,519,16,41891,73743
523,17,ebay.co.uk,uk,41750,85770,ebay.co.uk,uk,520,17,41804,85896
524,7,360.cn,cn,41689,139109,360.cn,cn,525,7,41535,138423
525,318,siemens.com,com,41682,70518,siemens.com,com,517,314,41923,70981
526,319,nike.com,com,41672,77903,nike.com,com,518,315,41892,78482
527,320,pixabay.com,com,41636,87794,pixabay.com,com,521,316,41763,88191
528,321,wikidot.com,com,41624,75565,wikidot.com,com,522,317,41711,75800
529,322,msdn.com,com,41605,65693,msdn.com,com,523,318,41675,65893
530,9,utoronto.ca,ca,41544,70726,utoronto.ca,ca,524,9,41664,71079
531,323,biomedcentral.com,com,41419,70265,biomedcentral.com,com,526,319,41477,70548
532,324,wpengine.com,com,41401,87481,wpengine.com,com,530,323,41346,87459
533,325,ehow.com,com,41326,84307,ehow.com,com,527,320,41471,84721
534,57,iana.org,org,41295,66547,iana.org,org,531,57,41307,66633
535,326,hubspot.com,com,41288,78408,hubspot.com,com,528,321,41366,78681
536,327,gmail.com,com,41272,74482,gmail.com,com,529,322,41364,74637
537,328,tmall.com,com,41206,133186,tmall.com,com,536,326,41091,133081
538,6,amazon.co.jp,jp,41195,100174,amazon.co.jp,jp,540,6,41052,100100
539,329,answers.com,com,41183,80583,answers.com,com,534,325,41162,80837
540,330,rollingstone.com,com,41168,84231,rollingstone.com,com,532,324,41287,84793
541,58,arxiv.org,org,41098,67662,arxiv.org,org,535,58,41147,67864
542,331,akismet.com,com,41069,98910,akismet.com,com,547,331,40898,98242
543,332,feedproxy.google.com,com,41065,81432,feedproxy.google.com,com,539,328,41064,81777
544,333,dictionary.com,com,41012,80735,dictionary.com,com,542,329,41047,80993
545,334,livescience.com,com,40996,79474,livescience.com,com,544,330,40990,79717
546,1,scoop.it,it,40980,79009,scoop.it,it,533,1,41223,79479
547,7,google.co.jp,jp,40941,146913,google.co.jp,jp,548,7,40892,146978
548,335,homestead.com,com,40915,76763,homestead.com,com,537,327,41086,77277
549,21,archives.gov,gov,40903,76681,archives.gov,gov,538,21,41074,77252
550,5,narod.ru,ru,40832,89934,narod.ru,ru,546,5,40921,90093
551,2,google.it,it,40825,90223,google.it,it,543,2,41018,90753
552,1,aboutads.info,info,40788,100640,aboutads.info,info,550,1,40797,100804
553,59,rfc-editor.org,org,40770,61484,rfc-editor.org,org,549,60,40831,61582
554,8,cntv.cn,cn,40759,134746,cntv.cn,cn,552,8,40765,134085
555,60,pnas.org,org,40757,70506,pnas.org,org,545,59,40930,70851
556,61,allaboutcookies.org,org,40659,83214,allaboutcookies.org,org,551,61,40794,83662
557,4,t.me,me,40646,93989,t.me,me,557,4,40635,93963
558,336,chron.com,com,40645,78983,chron.com,com,553,332,40723,79261
559,13,azurewebsites.net,net,40626,70624,azurewebsites.net,net,541,13,41049,71600
560,22,nist.gov,gov,40602,63574,nist.gov,gov,554,22,40708,63924
561,62,us.org,org,40575,77352,us.org,org,561,62,40477,77089
562,23,uspto.gov,gov,40575,69095,uspto.gov,gov,558,23,40630,69430
563,34,virginia.edu,edu,40564,70580,virginia.edu,edu,559,34,40628,70902
564,337,groups.yahoo.com,com,40514,76406,groups.yahoo.com,com,555,333,40705,76816
565,14,akamaihd.net,net,40438,79133,akamaihd.net,net,556,14,40637,79556
566,338,urbandictionary.com,com,40395,83142,urbandictionary.com,com,563,335,40371,83447
567,63,faqs.org,org,40361,66834,faqs.org,org,562,63,40427,67037
568,339,novell.com,com,40292,65627,novell.com,com,560,334,40527,66063
569,340,thenextweb.com,com,40287,73265,thenextweb.com,com,564,336,40361,73599
570,341,nba.com,com,40260,71555,nba.com,com,568,339,40276,71883
571,342,hollywoodreporter.com,com,40254,81122,hollywoodreporter.com,com,572,341,40197,81473
572,1,go.th,th,40250,75953,go.th,th,570,1,40242,76050
573,343,examiner.com,com,40244,79564,examiner.com,com,565,337,40359,80107
574,344,getpocket.com,com,40201,88555,getpocket.com,com,575,342,40166,88683
575,345,sky.com,com,40190,77203,sky.com,com,566,338,40336,77784
576,346,cctv.com,com,40179,135064,cctv.com,com,582,344,40017,134226
577,1,is.gd,gd,40158,74272,is.gd,gd,567,1,40308,74520
578,347,variety.com,com,40151,78682,variety.com,com,578,343,40087,78865
579,64,aboutcookies.org,org,40109,95088,aboutcookies.org,org,571,64,40237,95458
580,18,express.co.uk,uk,40086,79211,express.co.uk,uk,574,18,40185,79760
581,65,bitbucket.org,org,40078,64746,bitbucket.org,org,576,65,40123,64867
582,66,apa.org,org,40046,73153,apa.org,org,579,67,40067,73327
583,67,kde.org,org,40028,67210,kde.org,org,577,66,40108,67447
584,348,att.com,com,40027,71048,att.com,com,584,346,39962,71011
585,5,lemonde.fr,fr,40008,77906,lemonde.fr,fr,573,5,40189,78811
586,349,chinanews.com,com,39997,146204,chinanews.com,com,586,348,39851,145353
587,350,xing.com,com,39979,113331,xing.com,com,569,340,40270,114688
588,24,sec.gov,gov,39892,70288,sec.gov,gov,587,24,39838,70671
589,68,plos.org,org,39858,69294,plos.org,org,580,68,40059,69656
590,35,indiana.edu,edu,39858,66251,indiana.edu,edu,589,35,39679,65903
591,351,vox.com,com,39797,76600,vox.com,com,585,347,39947,76981
592,19,thetimes.co.uk,uk,39734,74501,thetimes.co.uk,uk,581,19,40038,75255
593,69,eff.org,org,39570,68438,eff.org,org,591,69,39633,68638
594,352,mac.com,com,39561,73003,mac.com,com,588,349,39807,73467
595,353,shopify.com,com,39532,79282,shopify.com,com,592,350,39621,79430
596,354,fifa.com,com,39528,71517,fifa.com,com,593,351,39602,71905
597,355,naver.com,com,39428,84951,naver.com,com,595,353,39464,84992
598,356,skyrock.com,com,39401,74796,skyrock.com,com,596,354,39463,75147
599,70,zh.wikipedia.org,org,39384,78274,zh.wikipedia.org,org,598,70,39417,78254
600,357,steamcommunity.com,com,39367,78791,steamcommunity.com,com,599,355,39357,79014
601,358,elpais.com,com,39334,85854,elpais.com,com,594,352,39492,86264
602,71,olympic.org,org,39282,66120,olympic.org,org,607,71,39060,65789
603,1,waw.pl,pl,39253,78571,waw.pl,pl,597,1,39421,78865
604,359,asus.com,com,39234,69487,asus.com,com,600,356,39317,69776
605,9,www.gov.cn,cn,39231,184834,www.gov.cn,cn,602,9,39184,180506
606,360,nymag.com,com,39027,80412,nymag.com,com,604,359,39116,80812
607,361,webnode.com,com,38985,76225,webnode.com,com,605,360,39084,76402
608,5,line.me,me,38972,97387,line.me,me,620,5,38878,97345
609,362,thedailybeast.com,com,38950,78592,thedailybeast.com,com,610,361,39028,79008
610,72,cpan.org,org,38947,61830,cpan.org,org,611,72,39019,61955
611,4,blogspot.com.au,au,38914,76832,blogspot.com.au,au,609,4,39032,77209
612,73,ru.wikipedia.org,org,38873,95088,ru.wikipedia.org,org,623,75,38863,95193
613,3,blogspot.it,it,38861,75654,blogspot.it,it,608,3,39033,76149
614,2,flic.kr,kr,38850,70221,flic.kr,kr,606,2,39082,70672
615,363,blog.com,com,38845,71395,blog.com,com,612,362,38972,71680
616,74,acs.org,org,38844,64150,acs.org,org,616,74,38914,64309
617,25,bls.gov,gov,38819,72828,bls.gov,gov,617,25,38909,73160
618,364,staticflickr.com,com,38806,77249,staticflickr.com,com,613,363,38969,77488
619,365,wikispaces.com,com,38780,69414,wikispaces.com,com,622,365,38872,69732
620,36,ucdavis.edu,edu,38770,67030,ucdavis.edu,edu,618,36,38907,67322
621,37,rutgers.edu,edu,38759,66181,rutgers.edu,edu,619,37,38887,66440
622,366,salon.com,com,38757,78255,salon.com,com,621,364,38873,78662
623,2,blogspot.com.br,br,38744,75867,blogspot.com.br,br,614,2,38939,76309
624,367,mlb.com,com,38739,76574,mlb.com,com,625,367,38810,76937
625,75,greenpeace.org,org,38730,67901,greenpeace.org,org,615,73,38930,68276
626,368,salesforce.com,com,38681,64469,salesforce.com,com,626,368,38719,64718
627,76,suhosin.org,org,38601,69053,suhosin.org,org,627,76,38624,69135
628,369,freewebs.com,com,38589,76602,freewebs.com,com,624,366,38812,77438
629,8,biglobe.ne.jp,jp,38562,81530,biglobe.ne.jp,jp,630,8,38538,81650
630,370,playstation.com,com,38518,74513,playstation.com,com,629,370,38559,74811
631,371,accuweather.com,com,38450,73589,accuweather.com,com,632,371,38493,73739
632,77,openstreetmap.org,org,38424,73847,openstreetmap.org,org,631,77,38534,73975
633,372,namecheap.com,com,38405,79356,namecheap.com,com,634,372,38358,79011
634,9,ameblo.jp,jp,38365,103416,ameblo.jp,jp,633,9,38361,103487
635,373,shutterstock.com,com,38358,76519,shutterstock.com,com,628,369,38563,77031
636,38,arizona.edu,edu,38291,65317,arizona.edu,edu,635,38,38346,65560
637,374,sony.com,com,38241,66995,sony.com,com,637,374,38270,67154
638,375,reference.com,com,38061,73658,reference.com,com,638,375,38174,73919
639,376,adweek.com,com,38022,72085,adweek.com,com,639,376,38123,72482
640,78,icann.org,org,38000,72874,icann.org,org,640,78,38045,72976
641,26,usa.gov,gov,37969,67446,usa.gov,gov,641,26,38044,67634
642,377,ibtimes.com,com,37939,71298,ibtimes.com,com,644,379,37979,71665
643,378,lg.com,com,37927,65830,lg.com,com,642,377,38030,66017
644,3,go.kr,kr,37912,72040,go.kr,kr,645,3,37877,72111
645,379,gotowebinar.com,com,37909,60656,gotowebinar.com,com,636,373,38279,61184
646,380,thestar.com,com,37859,75324,thestar.com,com,643,378,37990,75879
647,79,openldap.org,org,37805,56594,openldap.org,org,648,79,37791,56603
648,381,politico.com,com,37798,76061,politico.com,com,646,380,37859,76390
649,382,aljazeera.com,com,37738,72284,aljazeera.com,com,647,381,37807,72545
650,383,nvidia.com,com,37718,63832,nvidia.com,com,652,384,37602,63611
651,80,craigslist.org,org,37631,74599,craigslist.org,org,649,80,37650,74804
652,384,investopedia.com,com,37631,72910,investopedia.com,com,651,383,37616,73179
653,385,digitaltrends.com,com,37575,68544,digitaltrends.com,com,653,385,37572,68775
654,386,technologyreview.com,com,37556,64064,technologyreview.com,com,650,382,37622,64313
655,81,weforum.org,org,37424,63692,weforum.org,org,656,81,37529,64056
656,39,colorado.edu,edu,37394,62421,colorado.edu,edu,654,39,37561,62691
657,40,jhu.edu,edu,37380,62711,jhu.edu,edu,657,40,37522,63037
658,15,rs6.net,net,37374,75420,rs6.net,net,659,15,37473,75885
659,387,stackexchange.com,com,37347,64917,stackexchange.com,com,660,387,37300,65055
660,27,hhs.gov,gov,37249,69722,hhs.gov,gov,658,27,37507,70428
661,388,statista.com,com,37213,69434,statista.com,com,661,388,37250,69907
662,1,navy.mil,mil,37187,63668,navy.mil,mil,663,1,37239,63855
663,389,axs.com,com,37183,72855,axs.com,com,666,391,37136,73047
664,390,mtv.com,com,37177,74272,mtv.com,com,664,390,37213,74637
665,28,fbi.gov,gov,37169,66387,fbi.gov,gov,668,28,37105,66549
666,391,lycos.com,com,37140,62745,lycos.com,com,662,389,37240,62840
667,41,asu.edu,edu,37034,62667,asu.edu,edu,667,41,37111,62855
668,392,bitly.com,com,37026,64827,bitly.com,com,655,386,37549,65860
669,10,ubc.ca,ca,37020,62445,ubc.ca,ca,665,10,37170,62711
670,393,airbnb.com,com,37002,71186,airbnb.com,com,669,392,37100,71493
671,2,google.co.in,in,36860,72685,google.co.in,in,671,2,36918,72847
672,394,warnerbros.com,com,36853,67927,warnerbros.com,com,670,393,36957,68338
673,82,phys.org,org,36819,64911,phys.org,org,674,82,36882,65194
674,395,scholar.google.com,com,36799,60125,scholar.google.com,com,-1,-1,-1,-1
675,396,codeplex.com,com,36796,56886,codeplex.com,com,675,394,36865,56994
676,2,army.mil,mil,36770,66387,army.mil,mil,672,2,36903,66755
677,1,ethz.ch,ch,36750,61437,ethz.ch,ch,673,1,36892,61804
678,397,philips.com,com,36723,61089,philips.com,com,678,396,36826,61383
679,20,metro.co.uk,uk,36695,71631,metro.co.uk,uk,676,20,36853,72136
680,10,google.cn,cn,36680,100739,google.cn,cn,682,10,36623,100568
681,398,techtarget.com,com,36658,60912,techtarget.com,com,680,397,36656,61029
682,399,hatenablog.com,com,36650,69604,hatenablog.com,com,685,400,36558,69612
683,400,bigcartel.com,com,36640,79039,bigcartel.com,com,677,395,36849,79511
684,83,perl.org,org,36631,58235,perl.org,org,679,83,36689,58383
685,401,1688.com,com,36568,124745,1688.com,com,689,404,36404,124534
686,402,twimg.com,com,36540,70841,twimg.com,com,683,398,36617,71155
687,403,cygwin.com,com,36526,58463,cygwin.com,com,687,402,36543,58530
688,404,gartner.com,com,36470,58398,gartner.com,com,684,399,36574,58618
689,405,blackberry.com,com,36369,66642,blackberry.com,com,688,403,36441,66914
690,406,lonelyplanet.com,com,36311,66147,lonelyplanet.com,com,686,401,36553,66845
691,29,dot.gov,gov,36300,65799,dot.gov,gov,681,29,36633,66544
692,407,4shared.com,com,36298,71733,4shared.com,com,690,405,36293,71832
693,408,shutterfly.com,com,36228,71696,shutterfly.com,com,694,409,36215,71834
694,409,globo.com,com,36196,77587,globo.com,com,693,408,36240,77747
695,410,bitnami.com,com,36192,51776,bitnami.com,com,696,410,36171,51771
696,3,dp.ua,ua,36100,71521,dp.ua,ua,695,3,36176,71694
697,5,google.com.au,au,36081,73504,google.com.au,au,698,5,36122,73816
698,411,campaign-archive1.com,com,36035,64735,campaign-archive1.com,com,692,407,36275,65225
699,412,campaign-archive2.com,com,36011,64197,campaign-archive2.com,com,691,406,36289,64721
700,30,cia.gov,gov,35979,61348,cia.gov,gov,700,30,36050,61684
701,413,csmonitor.com,com,35964,66121,csmonitor.com,com,699,412,36083,66402
702,414,getbootstrap.com,com,35890,62443,getbootstrap.com,com,701,413,35926,62462
703,415,target.com,com,35868,75906,target.com,com,704,415,35854,76135
704,2,vine.co,co,35824,67910,vine.co,co,702,2,35873,68277
705,416,lh3.googleusercontent.com,com,35754,72569,lh3.googleusercontent.com,com,706,416,35806,72635
706,417,lenovo.com,com,35746,62793,lenovo.com,com,711,418,35690,62902
707,418,windowsphone.com,com,35740,62637,windowsphone.com,com,703,414,35869,62945
708,42,caltech.edu,edu,35734,57148,caltech.edu,edu,705,42,35833,57353
709,43,tamu.edu,edu,35725,60299,tamu.edu,edu,707,43,35787,60555
710,44,tufts.edu,edu,35671,60424,tufts.edu,edu,710,44,35730,60523
711,419,securityfocus.com,com,35637,56633,securityfocus.com,com,713,419,35633,56697
712,84,dyndns.org,org,35602,61232,dyndns.org,org,708,84,35750,61539
713,420,washingtontimes.com,com,35545,66901,washingtontimes.com,com,709,417,35734,67281
714,7,aol.de,de,35503,59898,aol.de,de,590,7,39670,68112
715,421,accorhotels.com,com,35453,60420,accorhotels.com,com,723,425,35369,60287
716,21,ucl.ac.uk,uk,35442,58468,ucl.ac.uk,uk,715,21,35606,58908
717,85,openoffice.org,org,35427,59845,openoffice.org,org,717,85,35521,60064
718,422,search.yahoo.com,com,35425,59991,search.yahoo.com,com,-1,-1,-1,-1
719,1,mailchi.mp,mp,35417,65010,mailchi.mp,mp,712,1,35670,65387
720,16,hardened-php.net,net,35393,60839,hardened-php.net,net,722,16,35391,60902
721,423,today.com,com,35382,70593,today.com,com,721,424,35459,70929
722,424,members.aol.com,com,35380,61351,members.aol.com,com,714,420,35612,61638
723,425,panasonic.com,com,35374,60190,panasonic.com,com,720,423,35469,60433
724,426,youronlinechoices.com,com,35366,97312,youronlinechoices.com,com,716,421,35542,97627
725,86,unicef.org,org,35328,58614,unicef.org,org,718,86,35493,58985
726,427,mixcloud.com,com,35326,71399,mixcloud.com,com,719,422,35475,71718
727,31,gpo.gov,gov,35309,62466,gpo.gov,gov,726,31,35290,62664
728,87,imagemagick.org,org,35268,57954,imagemagick.org,org,728,87,35269,57997
729,45,bu.edu,edu,35244,58591,bu.edu,edu,724,45,35330,58798
730,428,ups.com,com,35237,58867,ups.com,com,727,427,35274,59132
731,429,computerworld.com,com,35210,57768,computerworld.com,com,730,428,35227,57932
732,430,thomsonreuters.com,com,35165,55942,thomsonreuters.com,com,746,438,34894,55770
733,431,autodesk.com,com,35138,59705,autodesk.com,com,732,429,35200,59774
734,32,fcc.gov,gov,35134,59775,fcc.gov,gov,731,32,35209,60004
735,432,douban.com,com,35089,85949,douban.com,com,725,426,35306,87072
736,2,web.id,id,35053,65797,web.id,id,733,2,35128,66010
737,88,coursera.org,org,35039,57438,coursera.org,org,736,88,35091,57615
738,433,theconversation.com,com,35015,63817,theconversation.com,com,737,432,35084,64109
739,46,northwestern.edu,edu,35001,59657,northwestern.edu,edu,739,46,35059,59888
740,17,discuz.net,net,34986,113383,discuz.net,net,743,17,34942,112901
741,434,mcafee.com,com,34972,57893,mcafee.com,com,738,433,35064,58136
742,10,goo.ne.jp,jp,34971,77450,goo.ne.jp,jp,729,10,35228,77986
743,435,prestashop.com,com,34937,76683,prestashop.com,com,741,435,34986,76872
744,436,500px.com,com,34932,67510,500px.com,com,740,434,35011,67678
745,437,xbox.com,com,34865,65514,xbox.com,com,749,440,34862,65694
746,438,ea.com,com,34858,65799,ea.com,com,745,437,34923,66174
747,439,list-manage2.com,com,34858,62370,list-manage2.com,com,735,431,35093,62842
748,440,uber.com,com,34835,61697,uber.com,com,750,441,34857,61980
749,441,icloud.com,com,34834,61027,icloud.com,com,742,436,34985,61558
750,442,dedecms.com,com,34827,199943,dedecms.com,com,760,446,34700,198380
751,6,vic.gov.au,au,34826,66911,vic.gov.au,au,744,6,34935,67291
752,443,hubpages.com,com,34823,69070,hubpages.com,com,751,442,34856,69268
753,444,people.com,com,34789,69741,people.com,com,747,439,34893,70103
754,89,en.wiktionary.org,org,34774,63894,en.wiktionary.org,org,753,89,34845,64115
755,445,aliyun.com,com,34751,144173,aliyun.com,com,757,444,34744,144057
756,1,tiny.cc,cc,34738,59045,tiny.cc,cc,754,1,34822,59268
757,446,history.com,com,34727,65800,history.com,com,752,443,34853,66226
758,18,secureserver.net,net,34723,89794,secureserver.net,net,762,19,34655,89938
759,22,timesonline.co.uk,uk,34689,60141,timesonline.co.uk,uk,748,22,34886,60569
760,1,haxx.se,se,34686,55149,haxx.se,se,758,1,34728,55255
761,447,bostonglobe.com,com,34683,66776,bostonglobe.com,com,697,411,36143,70152
762,90,jstor.org,org,34649,58939,jstor.org,org,763,90,34650,59063
763,448,softpedia.com,com,34635,64043,softpedia.com,com,759,445,34703,64258
764,19,comcast.net,net,34623,61974,comcast.net,net,756,18,34762,62267
765,33,energy.gov,gov,34617,61872,energy.gov,gov,764,33,34647,62104
766,11,news.sina.com.cn,cn,34574,119895,news.sina.com.cn,cn,-1,-1,-1,-1
767,6,lefigaro.fr,fr,34532,63916,lefigaro.fr,fr,755,6,34786,64939
768,91,gutenberg.org,org,34531,60283,gutenberg.org,org,765,91,34615,60492
769,449,canalblog.com,com,34520,65823,canalblog.com,com,761,447,34679,66689
770,450,googleapis.com,com,34510,60398,googleapis.com,com,766,448,34565,60566
771,451,thehill.com,com,34380,66438,thehill.com,com,768,449,34439,66768
772,452,pastebin.com,com,34380,63108,pastebin.com,com,770,451,34396,63239
773,92,acm.org,org,34320,53249,acm.org,org,777,94,34309,53266
774,453,msnbc.com,com,34315,61821,msnbc.com,com,771,452,34392,62062
775,454,hyatt.com,com,34300,59128,hyatt.com,com,778,454,34304,59394
776,455,altavista.com,com,34299,54931,altavista.com,com,788,460,34193,54393
777,456,unsplash.com,com,34259,67509,unsplash.com,com,769,450,34417,67669
778,93,nejm.org,org,34257,59692,nejm.org,org,774,92,34349,59899
779,47,wustl.edu,edu,34255,55278,wustl.edu,edu,772,47,34391,55494
780,457,indeed.com,com,34226,61688,indeed.com,com,782,456,34244,61825
781,34,dhs.gov,gov,34220,58288,dhs.gov,gov,779,34,34302,58647
782,94,moodle.org,org,34216,55477,moodle.org,org,775,93,34325,55608
783,458,envato.com,com,34203,74617,envato.com,com,601,357,39258,89400
784,20,ovh.net,net,34200,69062,ovh.net,net,767,20,34501,69993
785,459,gamespot.com,com,34191,66743,gamespot.com,com,783,457,34216,66929
786,6,ucoz.ru,ru,34171,71766,ucoz.ru,ru,780,6,34295,71835
787,4,ca.us,us,34154,62320,ca.us,us,776,4,34311,62604
788,460,oath.com,com,34130,58943,oath.com,com,446,273,44261,80576
789,3,g.co,co,34129,58380,g.co,co,786,3,34212,58676
790,461,gettyimages.com,com,34125,64787,gettyimages.com,com,785,459,34212,65142
791,462,eu.com,com,34103,59464,eu.com,com,773,453,34359,59864
792,463,themegrill.com,com,34065,81385,themegrill.com,com,790,462,34077,81421
793,464,typeform.com,com,34018,59415,typeform.com,com,789,461,34170,59717
794,95,it.wikipedia.org,org,33984,71068,it.wikipedia.org,org,791,95,34059,71365
795,465,hc360.com,com,33974,113168,hc360.com,com,799,468,33829,113051
796,466,localiser-ip.com,com,33970,56642,localiser-ip.com,com,781,455,34257,57351
797,467,disney.com,com,33961,60503,disney.com,com,784,458,34214,61177
798,7,asso.fr,fr,33936,64435,asso.fr,fr,787,7,34210,65420
799,468,fedex.com,com,33936,57850,fedex.com,com,792,463,33989,57987
800,48,pitt.edu,edu,33854,55546,pitt.edu,edu,794,48,33928,55665
801,469,blogs.com,com,33828,61464,blogs.com,com,795,465,33913,61833
802,470,mercurynews.com,com,33824,63969,mercurynews.com,com,796,466,33893,64265
803,471,icq.com,com,33788,62685,icq.com,com,797,467,33893,62889
804,49,ncsu.edu,edu,33729,55976,ncsu.edu,edu,798,49,33837,56179
805,472,liveleak.com,com,33696,63359,liveleak.com,com,800,469,33766,63659
806,5,tx.us,us,33666,64346,tx.us,us,802,5,33698,64612
807,473,voanews.com,com,33635,59515,voanews.com,com,805,472,33677,59744
808,474,plusone.google.com,com,33623,74279,plusone.google.com,com,808,474,33523,74149
809,475,huanqiu.com,com,33617,111537,huanqiu.com,com,811,476,33484,111249
810,23,ed.ac.uk,uk,33602,53326,ed.ac.uk,uk,804,23,33678,53628
811,476,seattletimes.com,com,33599,63853,seattletimes.com,com,801,470,33751,64259
812,477,metacafe.com,com,33573,62615,metacafe.com,com,803,471,33695,62913
813,478,hpe.com,com,33568,50455,hpe.com,com,793,464,33982,50968
814,479,item.taobao.com,com,33555,84345,item.taobao.com,com,809,475,33518,84284
815,1,sapo.pt,pt,33496,63117,sapo.pt,pt,807,1,33642,63387
816,2,cba.pl,pl,33459,64489,cba.pl,pl,810,2,33513,64575
817,480,googlepages.com,com,33452,56077,googlepages.com,com,806,473,33648,56331
818,50,gatech.edu,edu,33367,53180,gatech.edu,edu,813,50,33466,53484
819,481,snopes.com,com,33318,61877,snopes.com,com,819,479,33335,62176
820,96,postimg.org,org,33313,64054,postimg.org,org,814,96,33421,64319
821,482,pbs.twimg.com,com,33306,63581,pbs.twimg.com,com,816,478,33390,63906
822,51,hawaii.edu,edu,33290,55388,hawaii.edu,edu,815,51,33391,55526
823,483,perl.com,com,33270,52723,perl.com,com,822,481,33276,52767
824,97,gimp.org,org,33267,57922,gimp.org,org,817,97,33369,58094
825,484,medscape.com,com,33265,58794,medscape.com,com,812,477,33483,59013
826,98,videolan.org,org,33210,55542,videolan.org,org,818,98,33337,55779
827,485,digital.com,com,33193,52136,digital.com,com,823,482,33246,52178
828,486,starwoodhotels.com,com,33179,54754,starwoodhotels.com,com,832,488,33010,54565
829,487,vanityfair.com,com,33174,64178,vanityfair.com,com,827,485,33144,64480
830,488,ask.com,com,33174,58567,ask.com,com,824,483,33220,58752
831,489,purevolume.com,com,33093,59478,purevolume.com,com,825,484,33201,59605
832,490,reverbnation.com,com,33091,66552,reverbnation.com,com,821,480,33279,66913
833,52,ucsb.edu,edu,33076,54967,ucsb.edu,edu,826,52,33168,55179
834,35,va.gov,gov,33041,62722,va.gov,gov,828,35,33125,62888
835,53,osu.edu,edu,32999,56161,osu.edu,edu,830,53,33070,56409
836,491,moz.com,com,32988,61256,moz.com,com,833,489,33006,61415
837,492,squidoo.com,com,32958,63720,squidoo.com,com,829,486,33085,63998
838,493,mckinsey.com,com,32892,54343,mckinsey.com,com,839,492,32924,54470
839,36,justice.gov,gov,32887,59821,justice.gov,gov,836,36,32969,60099
840,99,mediawiki.org,org,32882,52292,mediawiki.org,org,834,99,33003,52529
841,494,foodnetwork.com,com,32876,70646,foodnetwork.com,com,855,501,32594,70420
842,495,lego.com,com,32862,60114,lego.com,com,838,491,32929,60332
843,100,cancer.org,org,32859,59826,cancer.org,org,835,100,32982,60175
844,54,utah.edu,edu,32824,53700,utah.edu,edu,840,54,32905,53888
845,496,twitpic.com,com,32790,62286,twitpic.com,com,841,493,32903,62660
846,497,channel4.com,com,32783,60760,channel4.com,com,831,487,33023,61392
847,1,google.com.hk,hk,32715,71194,google.com.hk,hk,854,1,32612,70986
848,101,nobelprize.org,org,32705,52953,nobelprize.org,org,844,102,32758,53210
849,37,ny.gov,gov,32694,63688,ny.gov,gov,846,37,32730,63856
850,102,redcross.org,org,32694,61726,redcross.org,org,842,101,32846,62121
851,498,comsenz.com,com,32681,104392,comsenz.com,com,852,499,32619,103907
852,499,gallup.com,com,32677,58124,gallup.com,com,843,494,32762,58465
853,500,nbc.com,com,32660,61041,nbc.com,com,849,497,32682,61330
854,103,imf.org,org,32659,51547,imf.org,org,845,103,32738,51763
855,501,amd.com,com,32649,52861,amd.com,com,847,495,32723,53084
856,502,espn.com,com,32643,60434,espn.com,com,876,514,32283,60240
857,503,force.com,com,32617,51875,force.com,com,848,496,32687,52311
858,504,fool.com,com,32603,56698,fool.com,com,851,498,32641,56873
859,505,billboard.com,com,32579,62399,billboard.com,com,853,500,32616,62665
860,506,bestbuy.com,com,32566,57732,bestbuy.com,com,857,502,32590,57885
861,104,edublogs.org,org,32557,58607,edublogs.org,org,850,104,32656,58772
862,55,vt.edu,edu,32547,53042,vt.edu,edu,856,55,32592,53235
863,3,or.id,id,32540,59684,or.id,id,859,3,32570,59790
864,12,zol.com.cn,cn,32517,86328,zol.com.cn,cn,867,12,32401,86236
865,507,usps.com,com,32494,60191,usps.com,com,864,507,32487,60456
866,508,snapchat.com,com,32452,59921,snapchat.com,com,860,504,32549,60144
867,509,cc.com,com,32449,59802,cc.com,com,858,503,32576,60138
868,2,in.th,th,32426,61033,in.th,th,861,2,32544,61419
869,510,wn.com,com,32421,56784,wn.com,com,910,533,31627,55623
870,511,fujitsu.com,com,32371,51844,fujitsu.com,com,862,505,32497,52047
871,512,americanexpress.com,com,32360,55577,americanexpress.com,com,878,516,32272,55484
872,513,thawte.com,com,32359,51262,thawte.com,com,865,508,32432,51348
873,514,thelancet.com,com,32337,55291,thelancet.com,com,863,506,32496,55667
874,515,nasdaq.com,com,32332,53385,nasdaq.com,com,871,511,32385,53566
875,516,ssrn.com,com,32318,53021,ssrn.com,com,870,510,32394,53211
876,21,speedtest.net,net,32308,51677,speedtest.net,net,869,22,32395,51888
877,22,pixnet.net,net,32307,57608,pixnet.net,net,868,21,32395,57774
878,8,amazon.fr,fr,32280,66263,amazon.fr,fr,897,8,31871,65485
879,3,esy.es,es,32250,60738,esy.es,es,874,3,32339,60860
880,517,istockphoto.com,com,32245,61634,istockphoto.com,com,866,509,32410,61947
881,518,imageshack.com,com,32234,60933,imageshack.com,com,884,519,32137,60660
882,24,huffingtonpost.co.uk,uk,32220,58212,huffingtonpost.co.uk,uk,872,24,32376,58697
883,105,heart.org,org,32216,57920,heart.org,org,879,105,32253,58089
884,519,bell-labs.com,com,32211,50123,bell-labs.com,com,880,517,32247,50203
885,520,nifty.com,com,32179,72570,nifty.com,com,881,518,32233,72766
886,521,pwc.com,com,32168,50850,pwc.com,com,873,512,32344,51165
887,522,xkcd.com,com,32161,56959,xkcd.com,com,875,513,32297,57283
888,38,usembassy.gov,gov,32156,53513,usembassy.gov,gov,883,38,32184,53717
889,523,sap.com,com,32130,52051,sap.com,com,877,515,32277,52286
890,11,geocities.jp,jp,32127,73878,geocities.jp,jp,882,11,32204,74078
891,106,isc.org,org,32048,49939,isc.org,org,889,106,32052,49968
892,524,scmp.com,com,32038,55931,scmp.com,com,885,520,32119,56263
893,525,pinimg.com,com,32035,61910,pinimg.com,com,888,522,32069,62153
894,7,google.ru,ru,32007,69593,google.ru,ru,892,7,32009,69733
895,526,rebelmouse.com,com,31984,56909,rebelmouse.com,com,890,523,32042,57141
896,527,garmin.com,com,31901,54895,garmin.com,com,887,521,32103,55209
897,1,vatican.va,va,31900,57682,vatican.va,va,895,1,31930,57906
898,8,welt.de,de,31893,70761,welt.de,de,886,8,32103,71577
899,39,wa.gov,gov,31886,60114,wa.gov,gov,891,39,32037,60485
900,528,avg.com,com,31852,54580,avg.com,com,894,524,31934,54772
901,2,admin.ch,ch,31837,57303,admin.ch,ch,893,2,31960,57743
902,107,pt.wikipedia.org,org,31836,64227,pt.wikipedia.org,org,896,107,31901,64435
903,529,alipay.com,com,31815,78199,alipay.com,com,902,527,31763,78132
904,8,liveinternet.ru,ru,31814,69639,liveinternet.ru,ru,899,8,31806,69693
905,530,smithsonianmag.com,com,31803,59085,smithsonianmag.com,com,901,526,31772,59318
906,9,blogspot.ru,ru,31783,60457,blogspot.ru,ru,911,10,31622,60126
907,10,ok.ru,ru,31748,79979,ok.ru,ru,905,9,31696,79946
908,531,000webhostapp.com,com,31732,59455,000webhostapp.com,com,903,528,31711,59395
909,108,eurekalert.org,org,31705,53110,eurekalert.org,org,900,108,31780,53354
910,532,boutell.com,com,31704,50558,boutell.com,com,904,529,31704,50598
911,533,jamanetwork.com,com,31678,56722,jamanetwork.com,com,898,525,31816,57037
912,12,blogspot.jp,jp,31671,60479,blogspot.jp,jp,909,12,31629,60684
913,534,techradar.com,com,31620,53785,techradar.com,com,906,530,31692,53958
914,535,cafepress.com,com,31614,60396,cafepress.com,com,914,535,31606,60620
915,536,libsyn.com,com,31582,61920,libsyn.com,com,907,531,31672,62324
916,537,trendmicro.com,com,31555,50376,trendmicro.com,com,908,532,31654,50681
917,538,rapidshare.com,com,31549,55803,rapidshare.com,com,918,538,31555,56046
918,3,cern.ch,ch,31530,49769,cern.ch,ch,913,3,31608,49946
919,539,medicalnewstoday.com,com,31507,58878,medicalnewstoday.com,com,916,536,31576,58994
920,25,www.nhs.uk,uk,31497,60533,www.nhs.uk,uk,915,25,31604,61025
921,23,boingboing.net,net,31453,59689,boingboing.net,net,920,23,31514,59980
922,540,strikingly.com,com,31441,54770,strikingly.com,com,917,537,31566,55009
923,541,philly.com,com,31436,60621,philly.com,com,912,534,31619,60924
924,542,gstatic.com,com,31428,55981,gstatic.com,com,919,539,31540,56229
925,543,denverpost.com,com,31402,59660,denverpost.com,com,921,540,31473,60002
926,40,weather.gov,gov,31379,58835,weather.gov,gov,922,40,31444,59092
927,13,cri.cn,cn,31364,75190,cri.cn,cn,928,13,31317,74915
928,9,ccc.de,de,31356,54562,ccc.de,de,926,9,31354,54638
929,544,posterous.com,com,31310,56378,posterous.com,com,923,541,31437,56686
930,545,linksynergy.com,com,31307,65142,linksynergy.com,com,925,543,31411,65491
931,6,telegram.me,me,31229,71490,telegram.me,me,930,6,31279,71605
932,1,blogspot.nl,nl,31175,60066,blogspot.nl,nl,927,1,31321,60447
933,546,avast.com,com,31157,53890,avast.com,com,929,544,31299,54064
934,41,congress.gov,gov,31148,55126,congress.gov,gov,933,41,31205,55335
935,547,real.com,com,31087,51410,real.com,com,934,546,31200,51569
936,2,google.nl,nl,31065,73452,google.nl,nl,931,2,31241,74009
937,109,ja.wikipedia.org,org,31040,69980,ja.wikipedia.org,org,936,109,31047,69974
938,548,bluehost.com,com,31033,62048,bluehost.com,com,932,545,31216,62653
939,7,nsw.gov.au,au,30993,58849,nsw.gov.au,au,935,7,31056,59211
940,13,livedoor.jp,jp,30966,69460,livedoor.jp,jp,944,13,30911,69573
941,549,ggpht.com,com,30951,58276,ggpht.com,com,937,547,31006,58463
942,11,rambler.ru,ru,30942,73146,rambler.ru,ru,945,11,30897,73182
943,550,eonline.com,com,30936,61924,eonline.com,com,940,550,30948,62167
944,14,b.hatena.ne.jp,jp,30932,75139,b.hatena.ne.jp,jp,951,14,30866,74998
945,551,proofpoint.com,com,30932,47387,proofpoint.com,com,950,555,30870,47513
946,552,tmz.com,com,30909,64687,tmz.com,com,939,549,30967,65147
947,553,patch.com,com,30891,64479,patch.com,com,938,548,30994,64795
948,42,cancer.gov,gov,30877,52617,cancer.gov,gov,942,42,30945,52878
949,11,amazon.ca,ca,30862,61353,amazon.ca,ca,941,11,30948,61509
950,554,popsci.com,com,30833,52865,popsci.com,com,949,554,30872,53124
951,555,click.linksynergy.com,com,30802,64286,click.linksynergy.com,com,943,551,30913,64609
952,556,patreon.com,com,30796,61113,patreon.com,com,948,553,30879,61252
953,110,khanacademy.org,org,30765,50806,khanacademy.org,org,947,110,30886,51052
954,557,nj.com,com,30746,58702,nj.com,com,953,556,30827,59056
955,3,google.pl,pl,30719,81803,google.pl,pl,954,3,30788,81888
956,558,ey.com,com,30675,48071,ey.com,com,946,552,30892,48371
957,559,rottentomatoes.com,com,30650,56518,rottentomatoes.com,com,957,559,30697,56760
958,560,herokuapp.com,com,30625,53117,herokuapp.com,com,956,558,30716,53315
959,561,athemes.com,com,30617,72926,athemes.com,com,960,560,30664,72954
960,43,dol.gov,gov,30606,54645,dol.gov,gov,958,43,30681,54781
961,111,consumerreports.org,org,30598,57241,consumerreports.org,org,963,112,30610,57420
962,562,miamiherald.com,com,30583,57159,miamiherald.com,com,966,563,30571,57278
963,563,lulu.com,com,30578,58542,lulu.com,com,955,557,30728,58866
964,564,rediff.com,com,30571,58274,rediff.com,com,961,561,30631,58442
965,4,od.ua,ua,30546,60194,od.ua,ua,967,4,30553,60177
966,565,withgoogle.com,com,30532,49836,withgoogle.com,com,1014,586,29528,48182
967,26,demon.co.uk,uk,30497,50677,demon.co.uk,uk,959,26,30681,50982
968,27,standard.co.uk,uk,30493,57111,standard.co.uk,uk,964,27,30604,57551
969,566,kaspersky.com,com,30491,49038,kaspersky.com,com,965,562,30575,49192
970,3,coe.int,int,30453,51125,coe.int,int,962,3,30631,51465
971,4,iso.ch,ch,30447,47642,iso.ch,ch,970,4,30475,47698
972,112,squid-cache.org,org,30424,48201,squid-cache.org,org,971,113,30447,48257
973,567,trello.com,com,30393,52567,trello.com,com,969,564,30485,52722
974,1,gv.at,at,30358,59528,gv.at,at,968,1,30552,60191
975,113,en.m.wikipedia.org,org,30341,54724,en.m.wikipedia.org,org,973,114,30360,54947
976,568,outlook.com,com,30338,47091,outlook.com,com,975,566,30339,47188
977,6,mn.us,us,30321,54493,mn.us,us,972,6,30405,54784
978,14,t.cn,cn,30299,80456,t.cn,cn,981,14,30210,80185
979,569,ew.com,com,30296,56848,ew.com,com,979,569,30277,57111
980,570,smashingmagazine.com,com,30266,53586,smashingmagazine.com,com,976,567,30336,53716
981,571,startribune.com,com,30256,57454,startribune.com,com,974,565,30359,57715
982,572,huawei.com,com,30228,49766,huawei.com,com,984,571,30168,49808
983,573,thestreet.com,com,30214,52368,thestreet.com,com,734,430,35094,63663
984,4,info.pl,pl,30200,61622,info.pl,pl,978,4,30290,61748
985,574,xe.com,com,30092,52372,xe.com,com,977,568,30296,52685
986,4,esa.int,int,30087,48807,esa.int,int,980,4,30247,49080
987,56,oregonstate.edu,edu,30065,50398,oregonstate.edu,edu,982,56,30184,50557
988,44,fema.gov,gov,30037,53205,fema.gov,gov,986,44,30150,53480
989,575,atlassian.com,com,30037,43681,atlassian.com,com,985,572,30155,43795
990,576,sputniknews.com,com,29982,56583,sputniknews.com,com,983,570,30182,57053
991,57,uga.edu,edu,29946,49478,uga.edu,edu,990,57,30010,49672
992,577,docker.com,com,29928,46338,docker.com,com,992,575,29948,46408
993,578,redbull.com,com,29922,52789,redbull.com,com,994,576,29921,52942
994,12,msk.ru,ru,29921,60145,msk.ru,ru,987,12,30113,60630
995,579,biblegateway.com,com,29898,60897,biblegateway.com,com,991,574,29989,61138
996,10,mpg.de,de,29883,49119,mpg.de,de,988,10,30045,49453
997,580,searchengineland.com,com,29837,53618,searchengineland.com,com,995,577,29875,53723
998,24,phpmyadmin.net,net,29813,50153,phpmyadmin.net,net,993,24,29923,50284
999,45,medlineplus.gov,gov,29810,52802,medlineplus.gov,gov,1007,45,29663,52410
1000,581,hm.com,com,29805,57781,hm.com,com,989,573,30022,58159
